fold,accuracy,precision_macro,recall_macro,f1_macro,f1_weighted
1,0.796610169,0.863442113,0.758730159,0.793386243,0.801775626
2,0.86440678,0.907685881,0.78742785,0.813852814,0.859674224
3,0.779661017,0.880952381,0.733333333,0.764161054,0.770449742
4,0.745762712,0.800273411,0.68495116,0.694642857,0.731416465
5,0.689655172,0.637539683,0.575274725,0.579072682,0.674237317
